Material,Precursor 1,Precursor 2,Precursor 3,Precursor 4,GPC [Å],T [°C],Refs.,doi
Sc 2 O 3,Sc(thd) 3,O 3,,,0.13,335-375,[125],10.1021/cm011138z
Sc 2 O 3,Sc(Cp) 3,H 2 O,,,0.75,250-350,[125],10.1021/cm011138z
Sc 2 O 3,Sc( iPr Cp) 3,O 3,,,0.60-1.00,250-375,[207],10.1149/1.3122114
Sc 2 O 3,Sc( iPr2 amd) 3,H 2 O,,,0.3,290,[104],10.1149/1.2191131
Sc 2 O 3,Sc( Me Cp) 3,H 2 O,,,0.65,300,[208],10.1149/2.0021411jss
Sc 2 O 3,Sc( Me Cp) 3,H 2 O,,,0.65,300,[209],10.1021/cm403390j
Sc 2 O 3,Sc( Me Cp) 3,H 2 O,,,0.65,300,[210],10.1016/j.apsusc.2019.01.288
Sc 2 O 3,Sc( Me2 pz)( Me Cp) 2,O 3,,,1.09-1.94,"225,275",[211],10.1116/1.5059695
ScAlO 3,Sc( Me Cp) 3,TMA,H 2 O,,0.65,300,[194],10.1002/pssa.201330080
YScO 3,Y(thd) 3,Sc(thd) 3,O 3,,0.18,335-350,[192],10.1039/b514083h
YScO 3,Y( Me Cp) 3,Cp 3 Sc,H 2 O,,1.07,300,[192],10.1039/b514083h
DyScO 3,Sc(thd) 3,Dy(thd) 3,O 3,,0.43,350,[193],10.1116/1.3533765
Y 2 O 3,Y(thd) 3,O 3,,,0.22-0.23,250-300,[50],10.1002/cvde.200306266
Y 2 O 3,Y(thd) 3,O 3,,,0.22-0.23,250-300,[58],10.1002/amo.860040602
Y 2 O 3,Y(thd) 3,O 3,,,0.22-0.23,250-300,[157],10.1063/1.2061347
Y 2 O 3,Y(thd) 3,O 3,,,0.22-0.23,250-300,[160],10.1063/1.2748629
Y 2 O 3,Y(thd) 3,O 3,,,0.22-0.23,250-300,[189],10.1016/s0167-9317(01)00667-0
Y 2 O 3,Y(thd) 3,O 3,,,0.22-0.23,250-300,[212],10.1002/1521-3862(200101)7:1<44::aid-cvde44>3.0.co;2-q
Y 2 O 3,Y(thd) 3,O 3,,,0.22-0.23,250-300,[213],10.1016/j.aca.2004.11.073
Y 2 O 3,Y(thd) 3,O 3,,,0.22-0.23,250-300,[214],10.3390/nano13050849
Y 2 O 3,Y(thd) 3,O 2 plasma,,,0.3,200-300,[158],10.1063/1.2214299
Y 2 O 3,Y(thd) 3,O 2 plasma,,,0.3,200-300,[159],10.1063/1.2349477
Y 2 O 3,Y(thd) 3,O 2 plasma,,,0.3,200-300,206,10.1016/j.susc.2005.08.019
Y 2 O 3,Y(Cp) 3,H 2 O,,,1.20-1.30,200-400,[215],10.1021/cm040145v
Y 2 O 3,Y( Me Cp) 3,H 2 O,,,1,250-325,[215],10.1021/cm040145v
Y 2 O 3,Y( Et Cp) 3,H 2 O,,,1.7,200-400,[207],10.1149/1.3122114
Y 2 O 3,Y( Et Cp) 3,H 2 O,,,1.7,200-400,[216],10.1149/1.2929825
Y 2 O 3,Y( iPr2 amd) 3,H 2 O,,,0.8,150-280,[100],10.1021/cm050624+
Y 2 O 3,Y( iPr Cp) 3,O 3,,,1.7,245-300,[128],10.1149/ma2012-02/28/2467
Y 2 O 3,Y( iPr2 amd)( Et Cp) 2,H 2 O,,,1.1,300-450,[217],10.3390/coatings11050497
Y 2 O 3,Y( iPr2 amd)( Et Cp) 2,O 3,,,1.1,300-450,[217],10.3390/coatings11050497
Y 2 O 3,Y( iPr2 amd)( Et Cp) 2,O 2,,,0.9,300-450,[217],10.3390/coatings11050497
Y 2 O 3,Y( iPr2 amd)( iPr Cp) 2,H 2 O,,,"0.40, 1.30",350-450,[117],10.1016/j.apsusc.2014.01.032
Y 2 O 3,Y( iPr2 amd)( iPr Cp) 2,H 2 O,,,"0.40, 1.30",350-450,[118],10.1021/acs.chemmater.6b01869
Y 2 O 3,Y( iPr2 amd)( iPr Cp) 2,H 2 O,,,"0.40, 1.30",350-450,[119],10.1039/c4tc01405g
Y 2 O 3,Y( iPr2 amd)( iPr Cp) 2,O 3,,,_,350,[118],10.1021/acs.chemmater.6b01869
Y 2 O 3,Y(dpdmg) 3,H 2 O,,,1.1,175-250,[54],10.1039/c7ra13417g
Y 2 O 3,Y( Bu Cp) 3,H 2 O,,,1.40-1.70,230,[218],10.1134/s1063739719010025
Y 2 O 3,Y( iPr2 famd) 3,H 2 O,,,1.36,150-325,[53],10.1039/d0ra09876k
Y 2 O 3,Y( t Bu2 famd) 3,H 2 O,,,0.67,200-325,[114],10.1039/d1dt01634b
Y 2 O 3,Y( t Bu Cp) 3,H 2 O,,,1.7,250,[219],10.1039/d3ra05217f
YMnO 3,Y(thd) 3,Mn(thd) 3,O 3,,0.18-0.60,250-300,[220],10.1021/cm9020172
YMnO 3,Y(thd) 3,Mn(thd) 3,O 3,,0.18-0.60,250-300,[221],10.1021/cm103480d
YMnO 3,Y(thd) 3,Mn(thd) 3,O 2,,0.25-0.30,250,[222],10.1016/j.jmmm.2019.166146
YVO 4,Y(thd) 3,VO(thd) 2,O 3,,0.15-0.17,260-300,[141],10.1039/c7tc02135f
Y 3 Ga 5 O 12,Y(thd) 3,Et 3 Ga,O 3,,0.23,350,[161],10.1039/d2nr03118c
Y 2 O 2 S,Y(thd) 3,H 2 S,,,_,350-450,[131],10.4028/www.scientific.net/msf.315-317.216
Y 2 O 3-x S x,Y( Me Cp) 3,H 2 O,H 2 S,,_,3 0 0,[184],10.3390/electronicmat2010001
YF 3,Y(thd) 3,TiF 4,,,1.10-1.70,225-325,[132],10.1002/cvde.200806721
La 2 O 3,La(thd) 3,O 3,,,0.36,180-425,[28],10.1016/s0169-4332(01)00149-0
La 2 O 3,La(thd) 3,O 3,,,0.36,180-425,[224],10.1023/a:1023083725880
La 2 O 3,La(thd) 3,O 3,,,0.36,180-425,[225],10.1116/1.3079632
La 2 O 3,La(thd) 3,O 3,,,0.36,180-425,[226],10.1021/acscatal.2c02599
La 2 O 3,La(thd) 3,H 2 O,,,0.30-0.50,230-350,[227],10.1016/j.tsf.2006.01.008
La 2 O 3,La(thd) 3 -DEMA,O 3,,,0.4,225-250,[228],10.3390/coatings13050870
La 2 O 3,La( iPr Cp) 3,H 2 O,,,0.1,280-480,[229],10.1149/1.2960995
La 2 O 3,La( iPr Cp) 3,H 2 O,,,0.1,280-480,[230],10.1016/j.tsf.2010.07.108
La 2 O 3,La( iPr Cp) 3,H 2 O,,,0.1,280-480,[231],10.1116/1.4737618
La 2 O 3,La( iPr Cp) 3,O 3,,,0.30-0.60,150-250,[207],10.1149/1.3122114
La 2 O 3,La( iPr Cp) 3,O 3,,,0.30-0.60,150-250,[233],10.1149/1.2901915
La 2 O 3,La( iPr Cp) 3,O 2 plasma,,,0.6,300-350,[230],10.1016/j.tsf.2010.07.108
La 2 O 3,La( iPr Cp) 3,O 2 plasma,,,0.6,300-350,[234],10.3938/jkps.53.3334
La 2 O 3,La( iPr Cp) 3,O 2 plasma,,,0.6,300-350,[235],10.3938/jkps.55.590
La 2 O 3,La( iPr Cp) 3,O 2 plasma,,,0.6,300-350,[236],10.1149/1.3301665
La 2 O 3,La( iPr Cp) 3,O 2 plasma,,,0.6,300-350,[237],10.1557/jmr.2010.0245
La 2 O 3,La( iPr Cp) 3,O 2 plasma,,,0.6,300-350,[238],10.1007/s10854-023-10655-9
La 2 O 3,La(Cp) 3,H 2 O,,,_,260,[225],10.1116/1.3079632
La 2 O 3,La(Cp) 3,H 2 O,,,_,260,[239],10.1063/1.2779108
La 2 O 3,La(Cp) 3,H 2 O,,,_,260,[240],10.1016/j.mee.2008.09.033
La 2 O 3,La(Cp) 3,O 2 plasma,,,0.5,150,[241],10.1007/s00339-020-03684-2
La 2 O 3,La(tmsa) 3,H 2 O,,,0.43,200-300,[242],10.1149/1.1724824
La 2 O 3,La(tmsa) 3,H 2 O,,,0.43,200-300,[243],10.1116/1.1773840
La 2 O 3,La(tmsa) 3,H 2 O,,,0.43,200-300,[244],10.1002/cvde.200506388
La 2 O 3,La(tmsa) 3,H 2 O,,,0.43,200-300,[245],10.1016/j.matchemphys.2007.03.002
La 2 O 3,La( iPr2 amd) 3,H 2 O,,,1.05,200-300,[129],10.1021/jp900241r
La 2 O 3,[La( iPr2 famd) 3 ],H 2 O,,,1.7,200-250,[113],10.1016/j.mee.2009.03.056
La 2 O 3,La( iPr2 famd) 3,O 3,,,1.20-1.40,200-250,[113],10.1016/j.mee.2009.03.056
La 2 O 3,La( iPr2 famd) 3,O 2,,,0.4,300,[246],10.1016/j.apsusc.2010.03.049
La 2 O 3,La( iPr2 amd)( iPr Cp) 2,H 2 O,,,1.20-3.00,200-300,[116],10.1016/j.tsf.2018.06.011
La 2 O 3,La( iPr2 amd)( iPr Cp) 2,O 3,,,0.60-2.10,200-325,[116],10.1016/j.tsf.2018.06.011
La 2 O 3,La( iPr2 amd)( iPr Cp) 2,H 2 O+ O 3,,,0.70-1.80,200-325,[116],10.1016/j.tsf.2018.06.011
La 2 O 3,La( iPr2 amd)( iPr Cp) 2,EtOH,,,0.50-1.70,200-325,[116],10.1016/j.tsf.2018.06.011
LaAlO 3,La(thd) 3,Al(acac) 3,O 3,,0.36-0.39,325-400,[247],10.1007/s003300000785
LaAlO 3,La(thd) 3,TMA,H 2 O,,0.55,270,[248],10.1063/1.2748100
LaAlO 3,La(thd) 3,TMA,O 3,,0.64,250,[249],10.1016/j.tsf.2013.10.002
LaAlO 3,La(tmsa) 3,TMA,H 2 O,,0.58,225-250,[244],10.1002/cvde.200506388
LaAlO 3,La( iPr2 amd) 3,TMA,H 2 O,,0.8,300-330,[250],10.1063/1.1739272
LaAlO 3,La( iPr2 famd) 3,TMA,H 2 O,,2.8,300-330,[251],10.1149/1.2981628
LaAlO 3,La( iPr Cp) 3,TMA,H 2 O,,0.12,300,[252],10.1007/s11664-012-1960-6
LaAlO 3,La( iPr Cp) 3,TMA,H 2 O,,0.12,300,[253],10.1186/s11671-015-0883-6
LaAlO 3,LaAl(O iPr ) 6 ( iPr OH)] 2,H 2 O,,,0.10-0.50,160-300,[138],10.1039/b609129f
LaNiO 3,La(thd) 3,Ni(thd) 2,O 3,,0.08-0.26,215-400,[60],10.1039/a606316k
LaNiO 3,La(thd) 3,Ni(acac) 2,O 3,,0.31,225,[195],10.1038/s41467-020-16654-2
LaNiO 3,La(thd) 3,Ni(acac) 2,O 3,,0.31,225,[254],10.1021/elv003i012_1542448
LaCoO 3,La(thd) 3,Co(thd) 2,O 3,,0.35,200-400,[188],10.1016/s0169-4332(96)01001-x
LaMnO 3,La(thd) 3,Mn(thd) 2,O 3,,0.10-0.23,250-325,[196],10.1039/a902957e
LaMnO 3,La(thd) 3,Mn(thd) 2,O 3,,0.10-0.23,250-325,[221],10.1021/cm103480d
LaGaO 3,La(thd) 3,Ga(acac) 3,O 3,,0.38,325-400,[197],10.1039/b105978p
LaFeO 3,La(thd) 3,Fe(thd) 3,O 3,,0.20 -0.30,200-360,[200],10.1039/b809974j
LaLuO 3,La(thd) 3,Lu(thd) 3,O 3,,,300,[33],10.1149/1.3074314
LaLuO 3,La( iPr2 amd) 3,Lu( Et famd) 3,H 2 O,,1.2,300,[33],10.1149/1.3074314
LaScO 3,La( iPr2 amd) 3,Sc( Et amd) 3,H 2 O,,1.1,300,[33],10.1149/1.3074314
LaYO 3,La( iPr2 amd) 3,Y( iPr amd) 3,H 2 O,,0.8,280,[33],10.1149/1.3074314
HfLaO x,La( iPr Cp) 3,TEMA-Hf,H 2 O,,1.4,300,[229],10.1149/1.2960995
HfLaO x,La( iPr Cp) 3,TEMA-Hf,O 3,,,225,[207],10.1149/1.3122114
HfLaO x,La( iPr Cp) 3,TEMA-Hf,O 2 plasma,,0.5,"225,300-350",[234],10.3938/jkps.53.3334
HfLaO x,La( iPr2 famd) 3,TEMA-Hf,O 3,,_,265,[255],10.1149/1.3481630
LiLaO 2,Li(thd),La(thd) 3,O 3,,0.20-0.30,225,[256],10.1039/b913466b
LaWO 4,La(thd) 3,W( t Bu N) 2 (Me 2 N) 2,O 3,H 2 O,0.48-0.58,250-375,[198],10.1039/c4ta03359k
La 2 CuO 4,La(thd) 3,Cu(acac) 2,O 3,,0.4,210-250,[258],10.1021/acs.chemmater.7b05005
LaVO 4,La(thd) 3,VO(acac) 2,,,_,270,[259],10.1021/acs.jpcc.3c03240
LaxZr1-XO2-??,La( iPr Cp) 3,( Me Cp) 2 ZrMe(OMe),H 2 O,,_,300,[260],10.1063/1.2784956
LaxZr1-XO2-??,La( iPr Cp) 3,( Me Cp) 2 ZrMe(OMe),H 2 O,,_,300,[261],10.1063/1.3075609
LaxZr1-XO2-??,La(thd) 3,( Me Cp) 2 ZrMe(OMe),O 3,,_,300,[262],10.1063/1.2971032
LaxZr1-XO2-??,La(tmsa) 3,Zr[N(CH 2 CH 3 )] 4,H 2 O,,0.58-0.72,250,[263],10.1149/ma2008-02/25/1944
Li 0.32 La 0.30 TiO 2,La(thd) 3,O 3,TiCl 4 / LiO t Bu,H 2 O,0.15-0.35,225,[204],10.1039/b923490j
Li 7 La 3 Zr 2 O 12,LiO t Bu,[La( i Pr Famd) 3 ],TDMAZ,O 3,0.8,225,[203],10.1021/acs.chemmater.7b00944
La 1-X Sr x FeO 3,La(thd) 3,Sr(thd) 2,Fe(thd) 3,O 3,0.20 -0.30,260,[200],10.1039/b809974j
La 1-X Sr x MnO 3,La( Me Cp) 3,Sr n-Pr Me 4 Cp 2,Mn Me Cp 2,H 2 O,5,300,[151],10.1016/j.ssi.2007.12.100
La 1-X Ca x MnO 3,La(thd) 3,Ca(thd) 2,Mn(thd) 3,O 3,0.15-0.40,235-285,[199],10.1039/b616982a
"(La,Sr)CoO3???",La(thd) 3,Sr(thd) 2,Co(acac) 3,O 3,0.5,250-310,[32],10.1039/c5dt00436e
La2?xSrxCuO4?y,La(thd) 3,Cu(acac) 2,Sr(thd) 2,O 3,0.4,225,[201],10.1039/c8cc04998j
LaNi x Cu 1-x O 3,La(thd) 3,Ni(acac) 2,Cu(acac) 2,O 3,_,225,[205],10.1039/d0tc03406a
LaF 3,La(thd) 3,TiF 4,,,2.00-5.00,225-350,[133],10.1002/cvde.200706681
LaF 3,La(thd) 3,O 3,Hfac,,0.49,250-300,[264],10.1039/c1jm11825k
CeO 2,Ce(thd) 4,O 3,,,0.32,175-375,[182],10.3390/coatings13030491
CeO 2,Ce(thd) 4,O 3,,,0.32,175-375,[265],10.1039/b108333c
CeO 2,Ce(thd) 4,O 3,,,0.32,175-375,[266],10.1021/acsanm.0c02060
CeO 2,Ce(thd) 4,O 3,,,0.32,175-375,[267],10.1116/1.5078646
CeO 2,Ce(thd) 4,O 3,,,0.32,175-375,[268],10.1002/admi.202202268
CeO 2,Ce(thd) 3 phen,O 3,,,0.42,225-350,[265],10.1039/b108333c
CeO 2,Ce(mmp) 4,O 2 plasma,,,_,150-300,[85],10.1002/cvde.200904279
CeO 2,Ce( iPr Cp) 3,O 2 plasma,,,0.35,250,[269],10.1149/1.3594766
CeO 2,Ce( iPr Cp) 3,H 2 O,,,0.2,250,[270],10.1016/j.apsusc.2014.10.025
CeO 2,Ce( iPr2 amd)( iPr Cp) 2,H 2 O,,,1.9,240,[115],10.1116/1.5026405
CeO 2,Ce( iPr2 amd) 3,O 3,,,2.8,210-270,[105],10.1007/s10853-020-04380-5
CeO 2,Ce(dpdmg) 3,H 2 O,,,2.1,160,[124],10.1002/chem.202003907
CeO 2,Ce( iPr2 famd)( iPr Cp) 2,H 2 O,,,1.5,245,[271],10.1116/6.0001329
CeO 2-Y 2 O 3,Ce(thd) 4,Y(thd) 3,O 3,,0.41-0.53,300,[136],10.1021/cm9016968
CeO 2-Y 2 O 3,Ce(thd) 4,Y(thd) 3,O 3,,0.41-0.53,300,[182],10.3390/coatings13030491
CeGdO 3,Ce(thd) 4,Gd(thd) 3,O 3k,,0.32,250,[272],10.1007/bf02376531
CeVO 4,Ce(thd) 4,VO(acac) 2,,,_,270,[259],10.1021/acs.jpcc.3c03240
CeFeO x,Ce(thd) 4,Fe(CP) 2,,,_,270,[273],10.1021/acscatal.3c02497
CeMnO 3,Ce(thd) 4,Mn(thd) 3,,,_,270,[274],10.1016/j.jssc.2023.124055
Pr 2 O 3,Pr(tmsa) 3,H 2 O,,,0.15-2.90,200-400,[94],10.1021/cm0401793
Pr 2 O 3,Pr(mmp) 3,H 2 O,,,0.10-0.70,200-350,[96],10.1002/cvde.200406348
Pr 2 O 3,Pr( Et Cp) 3,H 2 O,,,0.7,130,[275],10.1143/jjap.49.04da14
Pr 2 O 3,Pr( iPr2 amd)( iPr Cp) 2,H 2 O,,,1.47-1.66,200-300,[118],10.1021/acs.chemmater.6b01869
Pr x Al 2-x O 3,Pr( iPr2 amd) 3,TMA,H 2 O,,0.8-1.0,295,[102],10.1002/cvde.200506377
Pr x Al 2-x O 3,[PrAl(OPr i ) 6 (Pr i OH)] 2,H 2 O,,,_,180-350,[276],10.1021/cm0707556
Pr x Al 2-x O 3,Pr( iPr Cp) 3,TMA,H 2 O,,1.7,250-350,[277],10.1021/acsanm.9b02153
Nd 2 O 3,Nd(thd) 3,O 3,,,0.44-0.45,310,[82],10.1016/j.tsf.2004.06.160
Nd 2 O 3,Nd(thd) 3,O 3,,,0.44-0.45,310,[84],10.1016/j.jallcom.2003.11.149
Nd 2 O 3,Nd(thd) 3,O 3,,,0.44-0.45,310,[140],10.1016/j.solmat.2020.110787
Nd 2 O 3,Nd(thd) 3,O 3,,,0.44-0.45,310,[214],10.3390/nano13050849
Nd 2 O 3,Nd(thd) 3,O 3,,,0.44-0.45,310,[278],10.1016/j.surfin.2022.102377
NdAlO 3,Nd(thd) 3,O 3,TMA,H 2 O,0.53,300,[126],10.1016/j.tsf.2004.12.004
NdAlO 3,[NdAl(O i Pr) 6 (Pr i OH)] 2,H 2 O,,,_,180-350,[276],10.1021/cm0707556
NdNiO 3,Nd( iPr Cp) 3,Ni( t Bu 2 amd) 2,O 3,,0.36,160,[279],10.1021/acsaelm.1c00030
Sm 2 O 3,Sm(thd) 3,O 3,,,0.36,300,[82],10.1016/j.tsf.2004.06.160
SmMnO 3,Sm(thd) 3,Mn(thd) 2,O 3,,0.23,275,[221],10.1021/cm103480d
Eu 2 O 3,Eu(thd) 3,O 3,,73,0.32,300,[82],10.1016/j.tsf.2004.06.160
Eu 2 O 3,Eu(thd) 3,O 3,,73,0.32,300,[280],10.1088/2053-1591/3/5/055010
Eu 2 O 3,Eu(thd) 3,O 3,,73,0.32,300,[281],10.1149/ma2014-02/30/1599
Eu 2 O 3,Eu(thd) 3,O 3,,73,0.32,300,[282],10.1016/j.jlumin.2019.116618
Eu 2 O 3,Eu(thd) 3,O 3,,73,0.32,300,[283],10.1002/cvde.201407113
Eu 2 O 3,Eu(thd) 3,O 3,,73,0.32,300,[284],10.1021/acs.jpcc.0c04019
Eu x Ti y O z,Eu(thd) 3,O 3,TiCl 4,H 2 O,0.38-0.45,300,[285],10.1039/c3ra47469k
Eu x Ti y PO z,Eu(thd) 3,O 3,TiCl 4 +H 2 O,M e 3 PO 4,0.80-1.00,300,[286],10.1039/c6ra27644j
Gd 2 O 3,Gd(thd) 3,O 3,,,0.31,300,[82],10.1016/j.tsf.2004.06.160
Gd 2 O 3,Gd( Me Cp) 3,H 2 O,,,1.00-3.20,175-300,[83],10.1016/j.jcrysgro.2005.08.002
Gd 2 O 3,Gd( R Cp) 3,H 2 O,,,1.00-3.20,,[287],10.1039/c8ra09708a
Gd 2 O 3,Gd( R Cp) 3,H 2 O,,,1.00-3.20,,[288],10.1016/j.ceramint.2021.02.231
Gd 2 O 3,Gd(mmp) 3,H 2 O,,,0.20-1.00,200-300,[96],10.1002/cvde.200406348
Gd 2 O 3,Gd(dpdmg) 3,H 2 O,,,1.00-1.10,175-350,[107],10.1021/cm2020862
Gd 2 O 3,Gd(dpdmg) 3,H 2 O,,,1.00-1.10,175-350,[289],10.1021/ic801432b
Gd 2 O 3,Gd(dpdmg) 3,H 2 O,,,1.00-1.10,175-350,[290],10.1088/0268-1242/25/10/105001
Gd 2 O 3,Gd( tBu2 amd) 3,H 2 O,,,0.26-0.49,350-400,[86],10.1002/cvde.200506396
Gd 2 O 3,Gd( tBu2 amd) 3,H 2 O,,,0.26-0.49,350-400,[97],10.1002/cvde.200706631
Gd 2 O 3,Gd( tBu2 amd) 3,H 2 O,,,0.26-0.49,350-400,[291],10.1149/1.2761845
Gd 2 O 3,Gd( iPr Cp) 3,H 2 O,,,0.8,250,[208],10.1149/2.0021411jss
Gd 2 O 3,Gd( iPr Cp) 3,H 2 O,,,0.8,250,[209],10.1021/cm403390j
Gd 2 O 3,Gd( iPr Cp) 3,O 3,,,0.2,250,[294],10.1002/cvde.201507196
Gd 2 O 3,Gd( iPr2 amd)( iPr Cp) 2,H 2 O,,,1.16-1.38,200-250,[118],10.1021/acs.chemmater.6b01869
GdAlO 3,Gd( iPr Cp) 3,TMA,O 3,,1.75-2.75,200-350,[295],10.1002/cvde.200906833
GdAlO 3,Gd( iPr Cp) 3,TMA,H 2 O,,4.50-5.00,200-350,[295],10.1002/cvde.200906833
ZrO 2 -Gd 2 O 3,Zr( Me Cp) 2 Me(OMe),Gd(thd) 3,O 3,,0.39-0.53,300,[296],10.1149/1.3478117
GdScO 3,Gd( iPr2 amd) 3,Sc( Et2 amd) 3,H 2 O,,2,310,[103],10.1063/1.2354423
GdScO 3,Gd(thd) 3,Sc(thd) 3,O 3,,0.21,300,[297],10.1007/s00339-007-4069-7
GdScO 3,Gd( iPr Cp) 3,Sc( Me Cp) 3,H 2 O,,2.2,300,[209],10.1021/cm403390j
GdFeO 3,GdFe(O t Bu) 6 (C 5 H 5 N) 2,O 3,,,0.20-0.30,200,[298],10.1016/j.tsf.2020.137848
GdCoO 3,Gd(thd) 3,Co(thd) 2,O 3,,0.24,300,[202],10.1007/978-3-030-36408-3_82
Gd 3 Ga 5 O 12,Gd(thd) 3,TEGa,O 3,,0.19,350,[185],10.1016/j.jlumin.2021.118544
Gd 0.9 Ca 0.1 CoO 3,Gd(thd) 3,Co(thd) 2,Ca(thd) 2,O 3,0.3,300,[202],10.1007/978-3-030-36408-3_82
GdN,Gd( Me Cp) 3,N 2 plasma,,,0.33,150-300,[62],10.1016/j.jcrysgro.2011.10.049
GdF 3,Gd(thd) 3,NH 4 F,,,0.26,300,[63],10.1116/6.0001629
Tb 2 O 3 -Al 2 O 3,Tb(thd) 3,TMA,O 3,,_,350,[299],10.1364/oe.26.009344
TbMnO 3,Tb(thd) 3,Mn(thd) 2,O 3,,0.18,250-325,[221],10.1021/cm103480d
TbScO 3,Tb(thd) 3,Sc(thd) 3,O 3,,0.4,300,[300],10.1149/2.011201jss
TbF 3,Tb(thd) 3,TiF 4,,,0.75,175-350,[191],10.1116/6.0000790
Dy 2 O 3,Dy(thd) 3,O 3,,,0.31,300,[82],10.1016/j.tsf.2004.06.160
Dy 2 O 3,Dy(dpdmg) 3,H 2 O,,,1,200-350,[107],10.1021/cm2020862
Dy 2 O 3,Dy(dpdmg) 3,H 2 O,,,1,200-350,[289],10.1021/ic801432b
Dy 2 O 3,Dy( iPr2 amd)( iPr Cp) 2,O 2 plasma,,,0.3,140-230,[301],10.1021/acs.chemmater.5b01226
Dy 2 O 3,Dy( iPr2 amd)( iPr Cp) 2,H 2 O,,,1.16-1.38,300-350,[118],10.1021/acs.chemmater.6b01869
Dy 2 O 3,Dy( iPr2 amd)( iPr Cp) 2,O 3,,,_,200-350,[118],10.1021/acs.chemmater.6b01869
Ho 2 O 3,Ho(thd) 3,O 3,,,0.25,300,[82],10.1016/j.tsf.2004.06.160
HoF 3,Ho(thd) 3,NbF 5,,,1,250-275,[134],10.1039/d3dt01717f
Er 2 O 3,Er(thd) 3,O 3,,,0.20-0.25,250-375,[82],10.1016/j.tsf.2004.06.160
Er 2 O 3,Er(thd) 3,O 3,,,0.20-0.25,250-375,[84],10.1016/j.jallcom.2003.11.149
Er 2 O 3,Er(thd) 3,O 3,,,0.20-0.25,250-375,[140],10.1016/j.solmat.2020.110787
Er 2 O 3,Er(thd) 3,O 3,,,0.20-0.25,250-375,[214],10.3390/nano13050849
Er 2 O 3,Er(thd) 3,O 3,,,0.20-0.25,250-375,[278],10.1016/j.surfin.2022.102377
Er 2 O 3,Er(thd) 3,O 2 plasma,,,0.5,200-300,[302],10.1016/j.apsusc.2004.11.025
Er 2 O 3,Er( Me Cp) 3,H 2 O,,,1.5,250-350,[86],10.1002/cvde.200506396
Er 2 O 3,Er( Me Cp) 3,H 2 O,,,1.5,250-350,[278],10.1016/j.surfin.2022.102377
Er 2 O 3,Er( Me Cp) 3,O 3,,,0.12,170-330,[87],10.1016/j.apsusc.2012.05.019
Er 2 O 3,Er( Me Cp) 3,O 3,,,0.12,170-330,[207],10.1149/1.3122114
Er 2 O 3,Erbitel 12,O 3,,,0.20-0.40,175-300,[207],10.1149/1.3122114
Er 2 O 3,Er( tBu2 amd) 3,O 3,,,0.37-0.55,225-300,[101],10.1039/b507351k
Er 2 O 3,Er(dpdmg) 3,H 2 O,,,1.1,150-275,[108],10.1039/c3tc30401a
Er 2 O 3,Er( iPr2 amd)( Me Cp) 2,H 2 O,,,0.5,180,[301],10.1021/acs.chemmater.5b01226
Er 2 O 3,Er( iPr2 amd)( Me Cp) 2,O 2 plasma,,,0.7,180,[301],10.1021/acs.chemmater.5b01226
Er 2 O 3,Er( iPr2 amd)( Me Cp) 2,H 2 O,,,1.10-1.20,225-275,[78],10.1002/cvde.201407116
Er 2 O 3,Er( iPr2 amd)( Me Cp) 2,O 3,,,0.20-1.0,200-325,[78],10.1002/cvde.201407116
Er 2 O 3,Er( iPr Cp) 3,H 2 O,,,0.80-1.20,200-300,[78],10.1002/cvde.201407116
Er 2 O 3,Er( iPr Cp) 3,O 3,,,0.30-0.80,200-300,[78],10.1002/cvde.201407116
Er 2 O 3,Er( nBu Cp) 3,H 2 O,,,1.2,250-325,[78],10.1002/cvde.201407116
Er 2 O 3,Er( nBu Cp) 3,O 3,,,0.40-0.80,225-350,[78],10.1002/cvde.201407116
Er 1-x Ti x O y,Er( Me Cp) 3,TDEAT,O 3,,0.5-10.64,175-275,[303],10.1149/2.013206jss
ZrO 2 -Er 2 O 3,Zr( Me Cp) 2 Me(OMe),Er(thd) 3,O 3,,0.2,350,[34],10.1016/j.tsf.2010.08.111
"(Er,Ga) 2 O 3",Er(thd) 3,Ga(acac) 3,O 3,,0.25-0.28,350,[304],10.1039/b616443a
"(Er,Ga) 2 O 3",Er( Me Cp) 3,Ga 2 (NMe 2 ) 6,H 2 O,,0.95-1.00,250,[304],10.1039/b616443a
ErFeO 3,Er(thd) 3,Fe(thd) 3,O 3,,1,280-300,[305],10.1016/j.tsf.2016.03.018
Tm 2 O 3,Tm(thd) 3,O 3,,,0.22,300,[82],10.1016/j.tsf.2004.06.160
Tm 2 O 3,Tm(thd) 3,O 3,,,0.22,300,[306],10.1088/1361-6463/ab7a5a
Tm 2 O 3,Tm(thd) 3,O 3,,,0.22,300,[307],10.3390/nano9030413
Tm 2 O 3,Tm(Cp) 3,H 2 O,,,1.5,200-300,[308],10.1016/j.apsusc.2017.05.066
Yb 2 O 3,Yb(thd) 3,O 3,,,0.15-0.2,250-400,[139],10.1002/pssr.201700076
Yb 2 O 3,Yb(thd) 3,O 3,,,0.15-0.2,250-400,[148],10.1016/j.optmat.2018.05.001
Yb 2 O 3,Yb(thd) 3,O 3,,,0.15-0.2,250-400,[309],10.1016/j.apsusc.2009.08.073
Yb 2 O 3,Yb( Me Cp) 3,H 2 O,,,1,180-375,[207],10.1149/1.3122114
Yb 3 Al 5 O 12,Yb(thd) 3,TMA,O 3,,0.2,350,[149],10.1016/j.jallcom.2020.154964
YbMnO 3,Yb(thd) 3,Mn(thd) 2,O 3,,0.18,275-300,[221],10.1021/cm103480d
YbVO 4,Yb(thd) 3,VO(thd) 2,O 3,,0.08-0.23,240,[310],10.1039/c7dt00253j
Lu 2 O 3,Lu( SiMe3 Cp) 2 Cl,H 2 O,,,0.25,360-370,[311],10.1063/1.1773360
Lu 2 O 3,Lu( SiMe3 Cp) 2 Cl,H 2 O,,,0.25,360-370,[312],10.1103/physrevlett.94.027602
Lu 2 O 3,Lu( iPr Cp) 3,H 2 O,,,_,330,[80],10.1063/1.3002373
LuMnO 3,Lu(thd) 3,Mn(thd) 3,O 3,,0.18,275-300,[221],10.1021/cm103480d
LuAlO 3,Lu(thd) 3,TMA,O 3,,0.35,300,[313],10.1149/1.3567622
Lu 3 Al 5 O 12,Lu(thd) 3,TMA,O 3,,0.19,350,[150],10.1016/j.jallcom.2021.160993
Lu,Lu(thd) 3,O 3,,,0.3,230,[314],10.1116/1.5134446
LuSi 1.5 O 5,Lu(tmsa) 3,H 2 O/ O 3,,,0.60-4.3,280-380,[82],10.1016/j.tsf.2004.06.160
LuSi 1.5 O 5,Lu(tmsa) 3,H 2 O/ O 3,,,0.60-4.3,280-380,[315],10.1149/1.2347109
Lu 3 Ga 5 O 12,Lu(thd) 3,Ga(C 2 H 5 ) 3,O 3,,0.2,350,[316],10.1021/acsanm.3c01988
